1.971945763;1.971945763;1.971945763;0;VL53L0X test
2.242602587;2.242602587;2.242602587;0;VL53L0X test
2.468732834;2.468732834;2.468732834;0;VL53L0X test
2.697480679;2.697480679;2.697480679;0;VL53L0X test
2.968235493;2.968235493;2.968235493;0;VL53L0X test
3.193482876;3.193482876;3.193482876;0;VL53L0X test
3.463692904;3.463692904;3.463692904;0;VL53L0X test
3.734448671;3.734448671;3.734448671;0;VL53L0X test
4.040426016;4.040426016;4.040426016;0;VL53L0X test
4.266590595;4.266590595;4.266590595;0;VL53L0X test
4.717089415;4.717089415;4.717089415;0;82
4.860723972;4.860723972;4.860723972;0;82
5.003700495;5.003700495;5.003700495;0;83
5.146951437;5.146951437;5.146951437;0;79
5.286545753;5.286545753;5.286545753;0;83
5.429172754;5.429172754;5.429172754;0;80
5.572875977;5.572875977;5.572875977;0;84
5.716109753;5.716109753;5.716109753;0;81
5.858912468;5.858912468;5.858912468;0;83
5.99895072;5.99895072;5.99895072;0;80
6.142459631;6.142459631;6.142459631;0;77
6.285939455;6.285939455;6.285939455;0;81
6.429426193;6.429426193;6.429426193;0;83
6.568741798;6.568741798;6.568741798;0;83
6.712343931;6.712343931;6.712343931;0;76
6.855722189;6.855722189;6.855722189;0;79
6.998224258;6.998224258;6.998224258;0;85
7.141812325;7.141812325;7.141812325;0;81
7.281291723;7.281291723;7.281291723;0;83
7.425135612;7.425135612;7.425135612;0;80
7.568229675;7.568229675;7.568229675;0;85
7.711502314;7.711502314;7.711502314;0;82
7.850527525;7.850527525;7.850527525;0;79
7.99461484;7.99461484;7.99461484;0;84
8.136993885;8.136993885;8.136993885;0;84
8.281381607;8.281381607;8.281381607;0;80
8.424210548;8.424210548;8.424210548;0;85
8.563857079;8.563857079;8.563857079;0;84
8.706783533;8.706783533;8.706783533;0;84
8.850330114;8.850330114;8.850330114;0;79
8.993080854;8.993080854;8.993080854;0;83
9.133013725;0.137056828;9.133013725;1000;81
9.27654171;0.280584812;9.27654171;1000;91
9.419095755;0.423138857;9.419095755;1000;91
9.558836699;0.562879801;9.558836699;1000;98
9.701446295;0.705489397;9.701446295;1000;99
9.846047401;0.850090504;9.846047401;1000;104
9.989021063;0.993064165;9.989021063;1000;101
10.13233638;1.13637948;10.13233638;1000;108
10.27494907;1.278992176;10.27494907;1000;105
10.41437721;1.418420315;10.41437721;1000;102
10.55821061;1.562253714;10.55821061;1000;110
10.70175791;1.70580101;10.70175791;1000;103
10.84493589;1.848978996;10.84493589;1000;108
10.98421764;1.988260746;10.98421764;1000;104
11.12723398;2.131277084;11.12723398;1000;99
11.2711513;2.275194407;11.2711513;1000;102
11.41470528;2.418748379;11.41470528;1000;98
11.55784154;2.561884642;11.55784154;1000;105
11.69720888;2.701251984;11.69720888;1000;102
11.84050012;2.844543219;11.84050012;1000;104
11.98407435;2.988117456;11.98407435;1000;104
12.12668967;3.130732775;12.12668967;1000;106
12.26671767;3.270760775;12.26671767;1000;104
12.40972209;3.413765192;12.40972209;1000;103
12.55229449;3.556337595;12.55229449;1000;100
12.69624138;3.700284481;12.69624138;1000;98
12.83983541;3.843878508;12.83983541;1000;104
12.9788239;3.982867002;12.9788239;1000;101
13.1225605;4.126603603;13.1225605;1000;97
13.26540017;4.269443274;13.26540017;1000;98
13.40846586;4.412508965;13.40846586;1000;100
13.54869056;4.55273366;13.54869056;1000;101
13.69214773;4.696190834;0.13973093;0;100
13.83519173;4.839234829;0.282774925;0;98
13.97444868;4.978491783;0.422031879;0;96
14.11865115;5.122694254;0.56623435;0;98
14.26098347;5.265026569;0.708566666;0;97
14.40461707;5.408660173;0.85220027;0;94
14.54384112;5.547884226;0.991424322;0;95
14.68705273;5.691095829;1.134635925;0;95
14.83051395;5.834557056;1.278097153;0;93
14.97439814;5.978441238;1.421981335;0;96
15.11758566;6.121628761;1.565168858;0;93
15.25698638;6.261029482;1.704569578;0;95
15.40028119;6.404324293;1.847864389;0;93
15.54325151;6.547294617;1.990834713;0;94
15.68693304;6.690976143;2.134516239;0;91
15.82591319;6.829956293;2.273496389;0;90
15.96962643;6.973669529;2.417209625;0;94
16.11300182;7.117044926;2.560585022;0;90
16.25597668;7.260019779;2.703559875;0;89
16.39569831;7.399741411;2.843281507;0;92
16.53851986;7.542562962;2.986103058;0;89
16.68235779;7.68640089;3.129940987;0;92
16.82488155;7.828924656;3.272464752;0;88
16.96517825;7.969221354;3.41276145;0;87
17.10778165;8.111824751;3.555364847;0;87
17.25135756;8.255400658;3.698940754;0;84
17.39520502;8.399248123;3.842788219;0;86
17.53397012;8.53801322;3.981553316;0;86
17.67747808;8.681521177;4.125061274;0;88
17.81993842;8.823981524;4.26752162;0;88
17.96464539;8.968688488;4.412228584;0;89
18.10686517;9.11090827;4.554448366;0;91
18.24701047;9.251053572;4.694593668;0;87
18.39013624;9.394179344;4.83771944;0;88
18.53361154;9.537654638;4.981194735;0;92
18.67630053;9.680343628;5.123883724;0;86
18.816401;0.136872053;5.263984203;1000;91
18.95959878;0.280069828;5.407181978;1000;97
19.103127;0.423598051;5.550710201;1000;97
19.246171;0.566642046;5.693754196;1000;100
19.38571024;0.706181288;5.833293438;1000;97
19.52880812;0.849279165;5.976391315;1000;107
19.67217731;0.992648363;6.119760513;1000;102
19.81567383;1.136144876;6.263257027;1000;105
19.9587667;1.279237747;6.406349897;1000;96
20.10274482;1.423215866;6.550328016;1000;100
20.24192715;1.562398195;6.689510345;1000;102
20.38413167;1.704602718;6.831714869;1000;102
20.52797484;1.848445892;6.975558043;1000;109
20.67089653;1.991367579;7.118479729;1000;107
20.81084251;2.131313562;7.258425713;1000;105
20.95456553;2.275036573;7.402148724;1000;103
21.09784818;2.418319225;7.545431376;1000;100
21.24068451;2.561155558;7.688267708;1000;101
21.38482404;2.705295086;7.832407236;1000;107
21.52378821;2.844259262;7.971371412;1000;106
21.6668191;2.987290144;8.114402294;1000;104
21.80980825;3.130279303;8.257391453;1000;105
21.94978547;3.270256519;8.39736867;1000;99
22.09281969;3.413290739;8.540402889;1000;108
22.23671937;3.557190418;8.684302568;1000;104
22.37961936;3.700090408;8.827202559;1000;102
22.51882029;3.839291334;8.966403484;1000;93
22.66642499;3.986896038;9.114008188;1000;107
22.80565429;4.126125336;9.253237486;1000;104
22.94878745;4.269258499;9.396370649;1000;103
23.09275961;4.413230658;9.540342808;1000;101
23.23571444;4.556185484;9.683297634;1000;106
23.37571716;4.696188211;9.823300362;1000;101
23.5183413;4.838812351;9.965924501;1000;109
23.66200614;4.982477188;0.139553547;0;104
23.80484772;5.125318766;0.282395124;0;104
23.94420648;5.264677525;0.421753883;0;98
24.08731675;5.4077878;0.564864159;0;97
24.23105931;5.551530361;0.70860672;0;97
24.373914;5.694385052;0.851461411;0;99
24.5143764;5.83484745;0.991923809;0;94
24.65756297;5.978034019;1.135110378;0;96
24.80049562;6.120966673;1.278043032;0;91
24.94292402;6.263395071;1.42047143;0;97
25.08352232;6.403993368;1.561069727;0;96
25.22655749;6.547028542;1.7041049;0;91
25.36998487;6.690455914;1.847532272;0;95
25.51364541;6.834116459;1.991192818;0;96
25.65280223;6.973273277;2.130349636;0;94
25.7960434;7.116514444;2.273590803;0;91
25.93940544;7.25987649;2.416952848;0;89
26.08262134;7.403092384;2.560168743;0;93
26.22179151;7.542262554;2.699338913;0;92
26.36525464;7.685725689;2.842802048;0;94
26.50863814;7.829109192;2.986185551;0;90
26.65215921;7.972630262;3.129706621;0;85
26.79180789;8.112278938;3.269355297;0;93
26.93446684;8.254937887;3.412014246;0;93
27.07763982;8.398110867;3.555187225;0;87
27.22170162;8.54217267;3.699249029;0;92
27.36106443;8.681535482;3.838611841;0;88
27.50356889;8.824039936;3.981116295;0;89
27.6471324;8.967603445;4.124679804;0;91
27.79065061;9.111121655;4.268198013;0;90
27.92978477;9.250255823;4.407332182;0;90
28.07297897;9.393450022;4.550526381;0;94
28.21634531;9.536816359;4.693892717;0;96
28.36015511;9.680626154;4.837702513;0;92
28.49898934;9.819460392;4.976536751;0;92
28.64292192;0.141630888;5.120469332;1000;88
28.78645134;0.285160303;5.263998747;1000;96
28.9300456;0.428754568;5.407593012;1000;96
29.07275867;0.571467638;5.550306082;1000;99
29.21573663;0.714445591;5.693284035;1000;107
29.35489631;0.85360527;5.832443714;1000;103
29.49911642;0.997825384;5.976663828;1000;104
29.64271498;1.141423941;6.120262384;1000;102
29.78573656;1.284445524;6.263283968;1000;103
29.92534733;1.424056292;6.402894735;1000;106
30.0685389;1.567247868;6.546086311;1000;100
30.21116877;1.709877729;6.688716173;1000;102
30.35516071;1.853869677;6.83270812;1000;104
30.49804401;1.996752977;6.975591421;1000;110
30.63725758;2.135966539;7.114804983;1000;95
30.78100801;2.279716969;7.258555412;1000;109
30.92451572;2.423224688;7.402063131;1000;108
31.06709385;2.565802813;7.544641256;1000;104
31.2070148;2.705723763;7.684562206;1000;102
31.35058403;2.849292994;7.828131437;1000;98
31.493119;2.991827965;7.970666409;1000;108
31.63694382;3.135652781;8.114491224;1000;105
31.78095555;3.279664516;0.138982058;0;107
31.91972351;3.418432474;0.277750015;0;98
32.06287551;3.561584473;0.420902014;0;97
32.20633864;3.705047607;0.564365149;0;96
32.34911871;3.847827673;0.707145214;0;100
32.48914075;3.987849712;0.847167253;0;101
32.63276243;4.131471395;0.990788937;0;95
32.77545166;4.274160624;1.133478165;0;99
32.91942501;4.418133974;1.277451515;0;100
33.05890441;4.557613373;1.416930914;0;99
33.20208287;4.700791836;1.560109377;0;98
33.3450799;4.843788862;1.703106403;0;93
33.48477006;4.983479023;1.842796564;0;96
33.62778831;5.126497269;1.98581481;0;92
33.77141953;5.270128489;2.12944603;0;90
33.91500831;5.41371727;2.273034811;0;97
34.05392957;5.552638531;2.411956072;0;98
34.19695616;5.695665121;2.554982662;0;98
34.34054685;5.83925581;2.698573351;0;92
34.48413301;5.982841969;2.84215951;0;92
34.62364316;6.122352123;2.981669664;0;89
34.76691341;6.265622377;3.124939919;0;88
34.91002154;6.408730507;3.268048048;0;90
35.0536921;6.552401066;3.411718607;0;89
35.19701791;6.695726871;3.555044413;0;94
35.3363781;6.835087061;3.694404602;0;91
35.4795506;6.978259563;3.837577105;0;91
35.62291265;7.121621609;3.98093915;0;91
35.76554847;7.264257431;4.123574972;0;92
35.90531611;7.404025078;4.263342619;0;94
36.04896331;7.547672272;4.406989813;0;94
36.19163752;7.690346479;4.549664021;0;93
36.33482265;7.833531618;4.692849159;0;92
36.47529554;7.974004507;4.833322048;0;90
36.61794424;8.116653204;4.975970745;0;92
36.76096201;8.259670973;5.118988514;0;95
36.90487146;8.403580427;5.262897968;0;90
37.04405069;8.542759657;5.402077198;0;87
37.18686914;8.685578108;5.544895649;0;92
37.33098936;8.829698324;5.689015865;0;94
37.47354579;8.972254753;5.831572294;0;85
37.6132977;9.112006664;5.971324205;0;93
37.75658655;9.255295515;6.114613056;0;95
37.90054274;9.399251699;6.258569241;0;88
38.04372215;0.139763594;6.401748657;1000;96
38.18580723;0.281848669;6.543833733;1000;93
38.32576823;0.421809673;6.683794737;1000;97
38.46940684;0.565448284;6.827433348;1000;101
38.61199117;0.708032608;6.970017672;1000;100
38.75621223;0.852253675;7.114238739;1000;102
38.8994503;0.995491743;7.257476807;1000;102
39.03912759;1.135169029;7.397154093;1000;110
39.18169236;1.277733803;7.539718866;1000;107
39.32553005;1.421571493;7.683556557;1000;100
39.46917558;1.565217018;7.827202082;1000;107
39.61176014;1.70780158;7.969786644;1000;104
39.75124097;1.84728241;8.109267473;1000;106
39.89414144;1.990182877;8.25216794;1000;102
40.0384562;2.134497643;8.396482706;1000;107
40.18105149;2.277092934;8.539077997;1000;103
40.3206985;2.416739941;8.678725004;1000;106
40.46378231;2.559823751;8.821808815;1000;105
40.60694265;2.702984095;8.964969158;1000;102
40.75119305;2.847234488;9.109219551;1000;103
40.89075589;2.986797333;9.248782396;1000;101
41.03318977;3.129231215;9.391216278;1000;104
41.17651534;3.272556782;9.534541845;1000;104
41.32081962;3.416861057;0.141341925;0;101
41.46422648;3.560267925;0.284748793;0;103
41.60210586;3.698147297;0.422628164;0;102
41.74579358;3.841835022;0.566315889;0;106
41.89014363;3.986185074;0.710665941;0;98
42.02874374;4.124785185;0.849266052;0;97
42.17274857;4.268790007;0.993270874;0;101
42.31527948;4.411320925;1.135801792;0;94
42.45914841;4.555189848;1.279670715;0;98
42.59820819;4.69424963;1.418730497;0;93
42.74146843;4.837509871;1.561990738;0;101
42.8853898;4.981431246;1.705912113;0;96
43.02830648;5.124347925;1.848828793;0;97
43.17171478;5.267756224;1.992237091;0;95
43.31113338;5.407174826;2.131655693;0;94
43.45398068;5.550022125;2.274502993;0;98
43.59700584;5.693047285;2.417528152;0;95
43.74115443;5.837195873;2.561676741;0;90
43.88057494;5.976616383;2.70109725;0;94
44.02435017;6.120391607;2.844872475;0;93
44.16714954;6.263190985;2.987671852;0;96
44.31085825;6.406899691;3.131380558;0;93
44.44991636;6.545957804;3.270438671;0;93
44.59301901;6.68906045;3.413541317;0;90
44.73618126;6.8322227;3.556703568;0;89
44.87936258;6.975404024;3.699884892;0;91
45.01967216;7.115713596;3.840194464;0;92
45.16203833;7.258079767;3.982560635;0;92
45.30535507;7.401396513;4.12587738;0;93
45.44900227;7.545043707;4.269524574;0;92
45.58885193;7.68489337;4.409374237;0;91
45.73160696;7.827648401;4.552129269;0;92
45.87488055;7.970921993;4.695402861;0;93
46.01852059;0.139814138;4.839042902;1000;99
46.16159153;0.282885075;4.982113838;1000;95
46.30512333;0.426416874;5.125645638;1000;100
46.4446137;0.56590724;5.265136003;1000;105
46.58733582;0.70862937;5.407858133;1000;102
46.73125553;0.852549076;5.55177784;1000;105
46.87477994;0.996073484;5.695302248;1000;106
47.01393342;1.135226965;5.834455729;1000;107
47.15664935;1.277942896;5.977171659;1000;108
47.30026507;1.421558619;6.120787382;1000;107
47.44406605;1.565359592;6.264588356;1000;107
47.58724213;1.708535671;6.407764435;1000;107
47.72663331;1.847926855;6.547155619;1000;100
47.86948776;1.990781307;6.690010071;1000;104
48.01370931;2.135002851;6.834231615;1000;106
48.15632844;2.277621984;6.976850748;1000;103
48.29533291;2.416626453;7.115855217;1000;97
48.43979621;2.561089754;7.260318518;1000;102
48.5832727;2.70456624;7.403795004;1000;104
48.72596025;2.847253799;7.546482563;1000;106
48.86581516;2.987108707;7.686337471;1000;102
49.00913644;3.130429983;7.829658747;1000;108
49.15205193;3.27334547;7.972574234;1000;107
49.29580688;3.41710043;8.116329193;1000;102
49.43827748;3.559571028;8.258799791;1000;102
49.57827926;3.699572802;8.398801565;1000;104
49.72160387;3.842897415;8.542126179;1000;109
49.86461592;3.985909462;8.685138226;1000;108
50.00821853;4.129512072;8.828740835;1000;100
50.14776587;4.26905942;8.968288183;1000;109
50.29052472;4.411818266;9.111047029;1000;104
50.43435693;4.555650473;9.254879236;1000;101
50.57708764;4.698381186;0.1407125;0;100
50.72010994;4.841403484;0.283734798;0;104
50.86052036;4.981813908;0.424145222;0;97
51.00407362;5.125367165;0.567698479;0;102
51.14698267;5.268276215;0.710607529;0;93
51.29064798;5.411941528;0.854272842;0;100
51.42905784;5.550351381;0.992682695;0;103
51.57212591;5.693419456;1.135750771;0;98
51.71524239;5.836535931;1.278867245;0;91
51.85885739;5.980150938;1.422482252;0;100
51.99889135;6.120184898;1.562516212;0;99
52.14231968;6.263613224;1.705944538;0;97
52.28572726;6.407020807;1.849352121;0;100
52.42884636;6.550139904;1.992471218;0;95
52.56801581;6.689309359;2.131640673;0;94
52.71075487;6.832048416;2.27437973;0;94
52.85502362;6.976317167;2.418648481;0;88
52.99792099;7.119214535;2.561545849;0;96
53.13770747;7.259001017;2.701332331;0;95
53.28139973;7.402693272;2.845024586;0;93
53.42481279;7.546106339;2.988437653;0;88
53.56812096;7.689414501;3.131745815;0;96
53.70692086;7.828214407;3.270545721;0;88
53.85080647;7.972100019;3.414431334;0;90
53.99366832;8.114961863;3.557293177;0;92
54.13711405;8.258407593;3.700738907;0;97
54.28036261;8.401656151;3.843987465;0;93
54.4202702;8.541563749;3.983895063;0;91
54.56303835;8.684331894;4.126663208;0;94
54.70608449;8.827378035;4.269709349;0;99
54.85019302;8.971486568;4.413817883;0;87
54.9894774;9.110770941;4.553102255;0;90
55.13253474;9.253828287;4.696159601;0;92
55.27603793;9.397331476;4.83966279;0;87
55.41934347;9.540637016;4.98296833;0;90
55.55889916;9.680192709;5.122524023;0;94
55.70175338;9.823046923;5.265378237;0;89
55.84503794;9.966331482;5.408662796;0;94
55.98875785;10.11005139;5.552382708;0;96
56.12784123;10.24913478;5.691466093;0;91
56.2715838;10.39287734;5.835208654;0;90
56.41485739;10.53615093;5.978482246;0;95
56.55727434;10.67856789;6.1208992;0;90
56.69719028;10.81848383;6.260815144;0;92
56.84028196;10.96157551;6.403906822;0;86
56.98321867;11.10451221;6.546843529;0;91
57.12745571;11.24874926;6.69108057;0;94
57.27064323;11.39193678;6.834268093;0;89
57.40967298;11.53096652;6.973297834;0;90
57.55368567;11.67497921;7.117310524;0;84
57.69627857;11.81757212;7.259903431;0;91
57.83947849;11.96077204;7.403103352;0;86
57.97930765;12.1006012;7.54293251;0;94
58.12229729;12.24359083;7.685922146;0;88
58.26608706;12.3873806;7.829711914;0;89
58.40889335;12.53018689;7.972518206;0;91
58.54828024;12.66957378;8.111905098;0;89
58.69244194;12.81373549;8.256066799;0;94
58.83556724;0.139135599;8.399192095;500;92
58.97885513;0.282423496;8.542479992;500;95
59.12201929;0.425587654;8.68564415;500;101
59.26178789;0.565356255;8.82541275;500;93
59.4045198;0.70808816;8.968144655;500;97
59.54807758;0.851645947;9.111702442;500;96
59.6911366;0.994704962;9.254761457;500;94
59.83463573;1.138204098;9.398260593;500;101
59.97411513;1.277683496;9.537739992;500;97
60.11762762;1.421195984;9.68125248;500;98
60.26059628;1.564164639;9.824221134;500;99
60.4003911;1.703959465;9.964015961;500;97
60.54350019;1.847068548;10.10712504;500;101
60.68709493;1.99066329;10.25071979;500;102
60.83002639;2.133594751;10.39365125;500;93
60.96987391;2.273442268;10.53349876;500;98
61.11313844;2.4167068;10.6767633;500;102
61.25625944;2.559827805;10.8198843;500;101
61.39960074;2.703169107;10.9632256;500;93
61.53889751;2.842465878;11.10252237;500;98
61.68177366;2.985342026;11.24539852;500;104
61.82592797;3.129496336;11.38955283;500;101
61.96877861;3.272346973;11.53240347;500;101
62.11252046;3.41608882;11.67614532;500;103
62.25120616;3.554774523;11.81483102;500;96
62.39482331;3.698391676;0.139744282;0;96
62.53788877;3.841457129;0.282809734;0;97
62.68205237;3.985620737;0.426973343;0;98
62.82078099;4.124349356;0.565701962;0;98
62.96368814;4.267256498;0.708609104;0;97
63.10742235;4.410990715;0.852343321;0;99
63.25101352;4.554581881;0.995934486;0;94
63.39029551;4.693863869;1.135216475;0;95
63.53360558;4.837173939;1.278526545;0;91
63.67671776;4.980286121;1.421638727;0;93
63.82038474;5.123953104;1.56530571;0;89
63.96330976;5.266878128;1.708230734;0;90
64.1030066;5.406574965;1.84792757;0;89
64.2460587;5.549627066;1.990979671;0;93
64.38998246;5.693550825;2.134903431;0;97
64.53236914;5.8359375;2.277290106;0;89
64.67290926;5.976477623;2.417830229;0;93
64.8161087;6.119677067;2.561029673;0;97
64.95935249;6.262920856;2.704273462;0;94
65.10229135;6.405859709;2.847212315;0;92
65.24208617;6.545654535;2.987007141;0;89
65.38454819;6.68811655;3.129469156;0;96
65.52807736;6.831645727;3.272998333;0;91
65.67159629;0.140190601;3.416517258;500;100
65.81556535;0.28415966;3.560486317;500;102
65.95483947;0.423433781;3.699760437;500;96
66.09824538;0.566839695;3.843166351;500;99
66.24120474;0.709799051;3.986125708;500;103
66.38050294;0.849097252;4.125423908;500;97
66.52422071;0.992815018;4.269141674;500;99
66.6671195;1.135713816;4.412040472;500;98
66.81001711;1.278611422;4.554938078;500;99
66.95338917;1.42198348;4.698310137;500;100
67.09270239;1.561296701;4.837623358;500;99
67.23656845;1.705162764;4.98148942;500;96
67.38010645;1.848700762;5.125027418;500;98
67.52301359;1.991607904;5.267934561;500;104
67.66293693;2.131531239;5.407857895;500;103
67.80551529;2.274109602;5.550436258;500;105
67.94975209;2.418346405;5.694673061;500;104
68.09224629;2.560840607;5.837167263;500;99
68.23616147;2.704755783;5.981082439;500;101
68.37488484;2.843479156;6.119805813;500;104
68.51886415;2.987458467;6.263785124;500;99
68.66167474;3.130269051;6.406595707;500;103
68.80573916;3.274333477;6.550660133;500;105
68.94429636;3.412890673;6.689217329;500;96
69.08824062;3.556834936;6.833161592;500;96
69.23091459;3.699508905;6.975835562;500;96
69.37463522;3.843229532;7.119556189;500;103
69.5183723;3.98696661;7.263293266;500;100
69.65767312;4.126267433;7.40259409;500;101
69.80075026;4.269344568;7.545671225;500;96
69.94315958;4.411753893;7.688080549;500;101
70.0875597;4.556154013;7.832480669;500;102
70.22619677;4.694791079;7.971117735;500;96
70.37000728;4.838601589;8.114928246;500;97
70.51358962;4.982183933;8.25851059;500;97
70.65643907;5.125033379;8.401360035;500;100
70.79626083;5.264855146;8.541181803;500;95
70.93859267;5.407186985;8.683513641;500;104
71.08308864;5.551682949;8.828009605;500;103
71.22644162;5.695035934;8.971362591;500;99
71.37011838;5.838712692;9.115039349;500;104
71.50866461;5.977258921;9.253585577;500;102
71.6518867;6.120481014;9.396807671;500;97
71.79561925;6.264213562;9.540540218;500;100
71.93520832;6.403802633;9.68012929;500;92
72.07862711;6.547221422;9.823548079;500;97
72.2217474;6.690341711;9.966668367;500;101
72.36492085;6.833515167;10.10984182;500;99
72.50875187;6.977346182;10.25367284;500;101
72.64736485;7.115959167;10.39228582;500;100
72.79133701;7.259931326;10.53625798;500;101
72.93456626;7.403160572;10.67948723;500;96
73.0780313;7.546625614;10.82295227;500;98
73.21654987;7.685144186;10.96147084;500;92
73.36073971;7.829334021;11.10566068;500;98
73.50326848;7.971862793;11.24818945;500;99
73.64662385;8.115218163;11.39154482;500;94
73.79032469;8.258919001;11.53524566;500;101
73.92990899;8.398503304;11.67482996;500;103
74.07338858;8.541982889;0.140035629;0;99
74.2158165;8.68441081;0.282463551;0;101
74.3553946;8.823988914;0.422041655;0;95
74.4988904;8.967484713;0.565537453;0;96
74.64264417;9.11123848;0.70929122;0;93
74.78585148;9.254445791;0.852498531;0;92
74.92826486;9.396859169;0.994911909;0;93
75.06876659;9.537360907;1.135413647;0;92
75.21212697;9.680721283;1.278774023;0;91
75.35547304;9.824067354;1.422120094;0;96
75.49894595;9.967540264;1.565593004;0;94
75.6376965;10.10629082;1.704343557;0;93
75.78148603;10.25008035;1.848133087;0;89
75.92376113;10.39235544;1.990408182;0;92
76.06807899;10.53667331;2.134726048;0;90
76.20681882;10.67541313;2.273465872;0;88
76.35085034;10.81944466;2.417497396;0;86
76.49414754;10.96274185;2.560794592;0;93
76.63717747;11.10577178;2.70382452;0;90
76.77628779;11.24488211;2.842934847;0;90
76.91978288;11.38837719;2.98642993;0;90
77.06277347;11.53136778;3.129420519;0;96
77.205616;11.67421031;3.27226305;0;89
77.3455739;11.81416821;3.412220955;0;92
77.48956275;11.95815706;3.556209803;0;93
77.63294697;12.10154128;3.699594021;0;90
77.77519059;12.2437849;3.841837645;0;94
77.91530418;12.3838985;3.981951237;0;96
78.05906057;12.52765489;4.125707626;0;94
78.20227432;12.67086864;4.268921375;0;90
78.34469843;12.81329274;4.411345482;0;91
78.48846173;12.95705605;4.555108786;0;94
78.62823415;13.09682846;4.694881201;0;93
78.77132368;13.23991799;4.837970734;0;95
78.91437769;13.382972;4.981024742;0;89
79.05754066;13.52613497;5.124187708;0;92
79.19745278;13.6660471;5.264099836;0;96
79.34035492;13.80894923;5.407001972;0;93
79.48371124;0.140458345;5.550358295;500;91
79.62704563;0.283792734;5.693692684;500;101
79.76635361;0.42310071;5.83300066;500;98
79.91004777;0.566794872;5.976694822;500;103
80.05375028;0.710497379;6.120397329;500;97
80.19627523;0.853022337;6.262922287;500;102
80.34012747;0.996874571;6.406774521;500;102
80.48330402;1.140051126;6.549951077;500;101
80.62270284;1.27944994;6.68934989;500;104
80.76595068;1.422697783;6.832597733;500;102
80.90955782;1.566304922;6.976204872;500;101
81.05224419;1.708991289;7.118891239;500;103
81.19246101;1.849208117;7.259108067;500;102
81.33485746;1.991604567;7.401504517;500;99
81.47894788;2.135694981;7.545594931;500;97
81.61787462;2.274621725;7.684521675;500;99
81.76153064;2.41827774;7.828177691;500;97
81.90491056;2.561657667;0.139328241;0;97
82.04798365;2.704730749;0.282401323;0;101
82.1917243;2.848471403;0.426141977;0;99
82.33095622;2.987703323;0.565373898;0;93
82.4746213;3.131368399;0.709038973;0;98
82.61730862;3.274055719;0.851726294;0;99
82.76090193;3.417649031;0.995319605;0;99
82.89966917;3.556416273;1.134086847;0;96
83.04284811;3.699595213;1.277265787;0;95
83.18658876;3.843335867;1.421006441;0;90
83.32654285;3.983289957;1.560960531;0;93
83.46996021;4.126707315;1.70437789;0;91
83.61294031;4.269687414;1.847357988;0;95
83.75591922;4.412666321;1.990336895;0;96
83.89996767;4.556714773;2.134385347;0;95
84.03913736;4.695884466;2.27355504;0;88
84.1819973;4.838744402;2.416414976;0;95
84.32527161;4.982018709;2.559689283;0;90
84.46829414;5.125041246;2.702711821;0;91
84.6085062;5.265253305;2.84292388;0;94
84.75178933;5.408536434;2.986207008;0;94
84.89538479;5.552131891;3.129802465;0;95
85.03879356;5.695540667;3.273211241;0;87
85.17782974;5.834576845;3.412247419;0;93
85.32138729;5.978134394;3.555804968;0;96
85.46466756;6.121414661;3.699085236;0;93
85.60731459;6.264061689;3.841732264;0;93
85.7504704;6.407217503;3.984888077;0;92
85.8907578;6.547504902;4.125175476;0;92
86.03370309;0.138921976;4.268120766;500;97
86.17699766;0.282216549;4.411415339;500;95
86.32084966;0.426068544;4.555267334;500;96
86.46365547;0.568874359;4.698073149;500;104
86.60313106;0.708349943;4.837548733;500;104
86.74568343;0.850902319;4.980101109;500;101
86.89004898;0.995267868;5.124466658;500;99
87.03358817;1.138807058;5.268005848;500;102
87.176332;1.281550884;5.410749674;500;107
87.31625628;1.421475172;5.550673962;500;100
87.45882392;1.564042807;5.693241596;500;97
87.60288978;1.708108664;5.837307453;500;105
87.7451818;1.850400686;5.979599476;500;100
87.88482332;0.13761735;6.119240999;1000;101
88.02862096;0.281414986;6.263038635;1000;95
88.17196178;0.424755812;6.406379461;1000;109
88.31489086;0.567684889;6.549308538;1000;107
88.45849061;0.711284637;6.692908287;1000;107
88.59683561;0.849629641;6.83125329;1000;112
88.74089384;0.993687868;6.975311518;1000;107
88.8853941;1.138188124;7.119811773;1000;105
89.02795625;1.280750275;7.262373924;1000;100
89.16772032;1.420514345;7.402137995;1000;107
89.31020403;1.562998056;7.544621706;1000;107
89.45399952;1.706793547;7.688417196;1000;103
89.59775424;1.850548267;7.832171917;1000;106
89.73665762;0.132633448;7.971075296;1500;107
89.88021398;0.276189804;8.114631653;1500;108
90.0237844;0.419760227;8.258202076;1500;112
90.16689038;0.562866211;8.40130806;1500;108
90.30974436;0.705720186;8.544162035;1500;105
90.44926453;0.845240355;8.683682203;1500;104
90.59307837;0.989054203;8.827496052;1500;105
90.73652196;1.132497787;8.970939636;1500;100
90.87919378;1.275169611;9.11361146;1500;109
91.01895142;1.414927244;9.253369093;1500;112
91.16239524;1.558371067;9.396812916;1500;113
91.30478621;1.700762033;9.539203882;1500;110
91.44871759;1.844693422;9.683135271;1500;102
91.5914309;1.987406731;9.825848579;1500;113
91.7309165;2.126892328;9.965334177;1500;100
91.87512183;2.27109766;10.10953951;1500;105
92.01829338;2.414269209;10.25271106;1500;107
92.16138339;2.557359219;10.39580107;1500;103
92.30029631;2.696272135;10.53471398;1500;112
92.44423103;2.840206861;10.67864871;1500;108
92.58735394;2.983329773;10.82177162;1500;103
92.73076153;3.126737356;10.9651792;1500;102
92.87116957;3.267145395;11.10558724;1500;107
93.0136869;3.409662724;11.24810457;1500;104
93.15682912;3.552804947;11.3912468;1500;105
93.30067325;3.696649075;11.53509092;1500;106
93.443362;3.839337826;11.67777967;1500;107
93.58324099;3.979216814;11.81765866;1500;107
93.72612953;4.12210536;11.96054721;1500;103
93.87002254;4.265998363;0.141513109;1000;109
94.01255322;4.408529043;0.284043789;1000;104
94.15269661;4.548672438;0.424187183;1000;111
94.29520154;4.691177368;0.566692114;1000;106
94.43907523;4.83505106;0.710565805;1000;101
94.57868195;4.974657774;0.85017252;1000;99
94.72609568;5.122071505;0.99758625;1000;104
94.86540294;5.261378765;1.136893511;1000;99
95.00880027;5.404776096;1.280290842;1000;97
95.15158534;5.547561169;1.423075914;1000;102
95.29123473;5.68721056;1.562725306;1000;95
95.43430352;5.83027935;1.705794096;1000;97
95.5774889;5.973464727;1.848979473;1000;98
95.72147679;6.117452621;1.992967367;1000;94
95.86082768;6.256803513;2.132318258;1000;93
96.00374508;6.399720907;2.275235653;1000;100
96.14697313;6.542948961;2.418463707;1000;99
96.29101133;6.686987162;2.562501907;1000;95
96.42980623;6.825782061;0.135237932;500;94
96.57346678;6.969442606;0.278898478;500;93
96.71631289;7.112288713;0.421744585;500;91
96.86021733;7.256193161;0.565649033;500;97
97.00293684;7.398912668;0.70836854;500;90
97.14324903;7.539224863;0.848680735;500;92
97.28621888;7.68219471;0.991650581;500;95
97.42900991;7.824985743;1.134441614;500;98
97.57264495;7.968620777;1.278076649;500;93
97.7118578;8.107833624;1.417289495;500;92
97.85549188;8.251467705;1.560923576;500;90
97.99784279;8.393818617;1.703274488;500;93
98.1420455;8.538021326;1.847477198;500;93
98.2813642;8.677340031;1.986795902;500;93
98.42499208;8.820967913;2.130423784;500;88
98.56812596;8.964101791;2.273557663;500;88
98.71096444;9.106940269;2.416396141;500;88
98.850981;9.246956825;2.556412697;500;90
98.99367595;9.389651775;2.699107647;500;84
99.13730621;9.533282042;2.842737913;500;87
99.2808938;9.676869631;2.986325502;500;88
99.42000461;9.815980434;3.125436306;500;91
99.56251359;9.958489418;0.139878035;0;95
99.7061007;10.10207653;0.283465147;0;89
99.85041857;10.2463944;0.427783012;0;90
99.99363494;10.38961077;0.570999384;0;91
100.1325612;10.52853703;0.709925652;0;94
100.2757523;10.67172813;0.853116751;0;88
100.418709;10.81468487;0.996073484;0;92
100.5628731;10.95884895;1.14023757;0;95
100.7024531;11.09842896;1.279817581;0;93
100.8448594;11.24083519;1.422223806;0;89
100.9887779;11.3847537;1.566142321;0;93
101.1325483;11.52852416;1.709912777;0;90
101.2719777;11.66795349;1.849342108;0;91
101.414233;11.8102088;1.991597414;0;90
101.5585041;11.95447993;2.135868549;0;94
101.7015491;12.09752488;2.278913498;0;93
101.8406181;12.23659396;2.417982578;0;85
101.9846675;12.38064337;2.562031984;0;91
102.1274641;12.52343988;2.704828501;0;90
102.2712262;12.667202;2.848590612;0;92
102.4100127;12.80598855;2.987377167;0;91
102.5538945;12.94987035;3.131258965;0;94
102.6972525;13.09322834;3.274616957;0;88
102.8401322;13.23610806;3.417496681;0;86
102.9835045;13.37948036;3.560868979;0;88
103.123234;13.51920986;3.700598478;0;89
103.2658713;13.66184711;3.843235731;0;93
103.4095051;13.80548096;3.986869574;0;93
103.5529475;13.94892335;4.130311966;0;91
103.6923175;14.08829331;4.269681931;0;97
103.8354228;14.23139858;4.412787199;0;92
103.9789486;14.37492442;4.556313038;0;91
104.1219928;0.141108751;4.699357271;500;88
104.2614474;0.280563354;4.838811874;500;96
104.4049602;0.42407608;4.9823246;500;100
104.5483389;0.567454815;5.125703335;500;103
104.6912315;0.710347414;5.268595934;500;104
104.835042;0.854157925;5.412406445;500;101
104.9743993;0.993515253;5.551763773;500;95
105.1180542;1.137170076;5.695418596;500;98
105.2610424;1.280158281;5.838406801;500;103
105.3997405;1.418856382;5.977104902;500;96
105.5437791;1.56289506;6.121143579;500;95
105.6862643;1.705380201;6.263628721;500;101
105.8302798;1.849395752;6.407644272;500;102
105.9732664;1.992382288;6.550630808;500;100
106.1134734;2.13258934;6.69083786;500;94
106.2568452;2.275961161;6.834209681;500;94
106.4001572;2.419273138;6.977521658;500;99
106.5428119;2.561927795;7.120176315;500;100
106.6826873;2.701803207;7.260051727;500;95
106.8263729;2.845488787;7.403737307;500;101
106.9690504;2.988166332;7.546414852;500;93
107.1125565;3.131672382;7.689920902;500;95
107.2560349;3.275150776;7.833399296;500;103
107.3949277;3.414043665;7.972292185;500;96
107.538676;3.557791948;8.116040468;500;103
107.6819351;3.701050997;8.259299517;500;97
107.8251722;3.844288111;8.402536631;500;97
107.9643538;3.983469725;8.541718245;500;94
108.1078563;4.126972198;8.685220718;500;96
108.2508805;4.269996405;8.828244925;500;96
108.3944619;4.413577795;8.971826315;500;92
108.5342197;4.553335667;9.111584187;500;89
108.6777511;4.696866989;9.255115509;500;92
108.8201928;4.839308739;9.397557259;500;96
108.9643116;4.983427525;9.541676044;500;98
109.1037993;5.122915268;9.681163788;500;95
109.246151;5.265266895;9.823515415;500;99
109.3903394;5.409455299;0.13898015;0;91
109.5328498;5.551965714;0.281490564;0;94
109.6770673;5.696183205;0.425708055;0;88
109.8162408;5.835356712;0.564881563;0;90
109.9595973;5.978713274;0.708238125;0;100
110.1030228;6.122138739;0.851663589;0;90
110.2464848;6.265600681;0.995125532;0;96
110.3861275;6.405243397;1.134768248;0;92
110.5284221;6.547538042;1.277062893;0;91
110.6724274;6.691543341;1.421068192;0;88
110.8146837;6.833799601;1.563324451;0;89
110.9550645;6.97418046;1.703705311;0;94
111.0984194;7.117535353;1.847060204;0;91
111.2409863;7.260102272;1.989627123;0;94
111.3851259;7.4042418;2.133766651;0;87
111.5246096;7.543725491;2.273250341;0;93
111.6677556;7.686871529;2.416396379;0;89
111.8109119;7.830027819;2.55955267;0;88
111.9541533;7.973269224;2.702794075;0;89
112.0934358;8.112551689;2.84207654;0;88
112.2363684;8.255484343;2.985009193;0;93
112.3805933;8.399709225;3.129234076;0;90
112.5237274;8.542843342;3.272368193;0;93
112.6664164;8.685532331;3.415057182;0;91
112.8066566;8.825772524;3.555297375;0;90
112.9498374;8.968953371;3.698478222;0;88
113.0932424;9.112358332;3.841883183;0;94
113.2362189;9.255334854;3.984859705;0;87
113.3756268;9.394742727;4.124267578;0;86
113.519264;9.538379908;4.267904758;0;90
113.6621275;9.68124342;4.41076827;0;95
113.8054061;9.824522018;4.554046869;0;88
113.9445519;9.96366787;4.69319272;0;87
114.0882697;10.10738564;4.836910486;0;92
114.2316914;10.25080729;4.980332136;0;90
114.3739278;10.39304376;5.122568607;0;86
114.5140734;10.5331893;5.262714148;0;93
114.6577129;10.67682886;5.406353712;0;93
114.801208;10.82032394;5.549848795;0;94
114.9443054;10.96342134;5.692946196;0;89
115.0832152;11.10233116;5.831856012;0;98
115.2266738;11.24578977;5.975314617;0;93
115.3695698;11.3886857;6.118210554;0;91
115.5137789;11.53289485;6.262419701;0;94
115.6567347;11.67585063;6.405375481;0;90
115.7968295;11.81594539;6.545470238;0;90
115.9398975;11.95901346;6.688538313;0;88
116.0832121;12.10232806;6.831852913;0;86
116.226193;12.24530888;6.974833727;0;91
116.3655772;12.38469315;7.114217997;0;86
116.5092406;12.52835655;7.257881403;0;85
116.6525891;12.67170501;7.401229858;0;89
116.7959902;12.81510615;7.544631004;0;91
116.9354198;12.95453572;7.684060574;0;89
117.0783534;13.09746933;7.826994181;0;92
117.2219265;13.24104238;7.970567226;0;90
117.3647885;0.139570236;8.113429308;1000;94
117.5043805;0.279162169;8.25302124;1000;92
117.6471269;0.421908617;8.395767689;1000;104
117.7912714;0.566053152;8.539912224;1000;97
117.9344678;0.709249496;8.683108568;1000;95
118.0782261;0.853007793;8.826866865;1000;101
118.2171812;0.99196291;8.965821981;1000;101
118.3601842;1.134965897;9.108824968;1000;109
118.5042095;1.278991222;9.252850294;1000;101
118.6467259;1.421507597;9.395366669;1000;104
118.7905388;1.565320492;9.539179564;1000;105
118.9295022;1.704283953;9.678143024;1000;99
119.0732503;1.848031998;9.821891069;1000;106
119.2164702;1.991251945;9.965111017;1000;105
119.3558805;2.130662203;10.10452127;1000;98
119.4995193;2.274301052;10.24816012;1000;106
119.6425545;2.417336226;10.3911953;1000;97
119.785557;2.560338736;10.53419781;1000;101
119.9297323;2.704514027;10.6783731;1000;102
120.0728571;2.847638845;10.82149792;1000;100
120.2123938;2.987175465;10.96103454;1000;103
120.3549452;3.129726887;11.10358596;1000;93
120.4990356;3.273817301;0.141279697;0;104
120.6379507;3.412732363;0.280194759;0;97
120.7811103;3.555891991;0.423354387;0;91
120.9242208;3.699002504;0.566464901;0;93
121.0679936;3.842775345;0.710237741;0;96
121.2117934;3.986575127;0.854037523;0;101
121.3509786;4.125760317;0.993222713;0;103
121.494221;4.269002676;1.136465073;0;91
121.6374063;4.412188053;1.27965045;0;91
121.7803304;4.555112123;1.42257452;0;92
121.9203849;4.695166588;1.562628984;0;96
122.0637743;4.838556051;1.706018448;0;97
122.2067535;4.981535196;1.848997593;0;92
122.3500152;5.124796867;1.992259264;0;89
122.4898062;5.264587879;2.132050276;0;87
122.6330385;5.407820225;2.275282621;0;91
122.7762032;5.550984859;2.418447256;0;92
122.9200287;5.69481039;2.562272787;0;92
123.0592887;5.834070444;2.701532841;0;90
123.2015002;5.976281881;2.843744278;0;96
123.3460531;6.120834827;2.988297224;0;93
123.4879162;6.262697935;3.130160332;0;89
123.6319759;6.406757593;3.27421999;0;90
123.7718799;6.546661615;3.414124012;0;92
123.9153209;6.690102577;3.557564974;0;87
124.0585892;6.833370924;3.700833321;0;86
124.2016134;6.97639513;3.843857527;0;90
124.3409691;7.11575079;3.983213186;0;90
124.4845841;7.259365797;4.126828194;0;85
124.6269236;7.401705265;4.269167662;0;89
124.770515;7.545296669;4.412759066;0;89
124.9106498;7.68543148;4.552893877;0;93
125.0538294;7.828611135;4.696073532;0;88
125.1963007;7.971082449;4.838544846;0;91
125.3399539;8.114735603;4.982198;0;92
125.4801633;8.25494504;5.122407436;0;87
125.6224742;8.397255898;5.264718294;0;89
125.766609;8.541390657;5.408853054;0;93
125.910218;8.684999704;5.552462101;0;84
126.0490656;8.823847294;5.69130969;0;93
126.1925867;8.967368364;5.834830761;0;92
126.3362119;9.110993624;5.97845602;0;87
126.4786832;9.253464937;6.120927334;0;97
126.6188774;9.393659115;6.261121511;0;91
126.7620308;9.536812544;6.40427494;0;86
126.9049549;9.679736614;6.547199011;0;85
127.0489068;9.823688507;6.691150904;0;86
127.1880958;9.962877512;6.830339909;0;88
127.3307581;10.1055398;6.973002195;0;92
127.4747856;10.24956727;7.117029667;0;90
127.6181402;10.39292192;7.260384321;0;93
127.7571366;10.53191829;7.399380684;0;87
127.900799;10.67558074;7.543043137;0;90
128.0435131;10.81829476;7.68575716;0;93
128.1871541;10.96193576;7.829398155;0;91
128.3310387;11.10582042;7.973282814;0;94
128.4702995;11.24508119;8.112543583;0;90
128.6135423;11.38832402;8.255786419;0;91
128.7567697;11.53155136;8.399013758;0;93
128.9002619;11.67504358;8.54250598;0;90
129.0391622;11.81394386;8.68140626;0;87
129.1821985;11.95698023;8.824442625;0;91
129.326067;12.10084867;8.968311071;0;93
129.4688232;12.2436049;9.111067295;0;87
129.6086681;12.38344979;9.250912189;0;91
129.7517691;12.52655077;9.394013166;0;88
129.8956282;12.67040992;9.537872314;0;94
130.0389507;12.81373239;9.681194782;0;89
130.1780367;12.95281839;9.82028079;0;88
130.321573;13.09635472;9.96381712;0;88
130.4654098;13.24019146;10.10765386;0;88
130.6077623;13.38254404;10.25000644;0;88
130.7468278;13.52160954;10.38907194;0;92
130.8909838;13.66576552;10.53322792;0;92
131.0343435;13.80912519;10.67658758;0;86
131.1771872;13.95196891;10.8194313;0;86
131.3210514;14.09583306;10.96329546;0;90
131.4603415;14.23512316;11.10258555;0;87
131.6030183;14.37779999;11.24526238;0;86
131.7459164;14.52069807;11.38816047;0;89
131.8901982;14.66497993;11.53244233;0;83
132.0293636;14.80414534;11.67160773;0;74
132.173094;14.94787574;11.81533813;0;66
132.316113;15.0908947;11.9583571;0;60
132.4595735;15.23435521;12.10181761;0;56
132.5987868;15.37356853;12.24103093;0;54
132.7421811;15.51696277;12.38442516;0;54
132.8857698;15.66055155;12.52801394;0;54
133.0285039;15.8032856;12.670748;0;57
133.1684296;15.94321132;12.81067371;0;56
133.3111444;16.08592606;12.95338845;0;53
133.4551728;16.22995448;13.09741688;0;53
133.5979323;16.37271404;13.24017644;0;55
133.7409272;16.51570892;13.38317132;0;55
133.8811557;16.65593743;13.52339983;0;57
134.0238369;16.79861856;13.66608095;0;80
134.1673315;16.94211316;13.80957556;0;84
134.3110132;17.08579493;13.95325732;0;79
134.4503648;17.22514653;14.09260893;0;83
134.5936818;17.36846352;14.23592591;0;81
134.7373064;17.51208806;14.37955046;0;81
134.879956;17.65473771;14.52220011;0;82
135.0199332;17.79471493;14.66217732;0;82
135.1633949;17.93817663;14.80563903;0;80
135.3062508;18.08103251;14.94849491;0;81
135.4498098;18.22459149;15.09205389;0;82
135.589431;18.36421275;15.23167515;0;83
135.7327898;18.50757146;15.37503386;0;81
135.8756304;18.65041208;15.51787448;0;84
136.0193303;18.79411197;15.66157436;0;82
136.1586049;18.93338656;15.80084896;0;83
136.3009081;19.07568979;15.94315219;0;83
136.4453428;19.22012448;16.08758688;0;84
136.5884995;19.36328125;16.23074365;0;84
136.7275221;19.50230384;16.36976624;0;82
136.8712537;19.64603543;16.51349783;0;78
137.0144587;19.78924036;16.65670276;0;82
137.1574941;19.93227577;16.79973817;0;83
137.2971947;20.07197642;16.93943882;0;84
137.4403675;20.21514916;17.08261156;0;81
137.5838327;20.35861444;17.22607684;0;82
137.7274947;20.50227642;17.36973882;0;79
137.8661866;20.64096832;17.50843072;0;83
138.0100896;20.78487134;17.65233374;0;82
138.1535022;20.92828393;17.79574633;0;88
138.296777;21.07155871;17.93902111;0;84
138.4358637;21.21064544;18.07810783;0;85
138.5792398;21.35402155;18.22148395;0;75
138.722019;21.49680066;18.36426306;0;78
138.8653414;21.64012313;18.50758553;0;80
139.0095274;21.78430915;18.65177155;0;78
139.148983;21.92376471;18.7912271;0;79
139.2921669;22.06694865;18.93441105;0;80
139.4351647;22.20994639;19.07740879;0;78
139.577821;22.35260272;19.22006512;0;84
139.7177296;22.49251127;19.35997367;0;82
139.8608902;22.63567185;19.50313425;0;83
140.0045004;22.77928209;19.64674449;0;79
140.1482582;22.92303991;19.79050231;0;83
140.2871013;23.06188297;19.92934537;0;80
140.4298635;23.20464516;20.07210755;0;83
140.5743215;23.34910321;20.21656561;0;85
140.7167928;23.49157453;20.35903692;0;84
140.8601646;23.63494635;20.50240874;0;80
140.9998658;23.77464747;20.64210987;0;82
141.1428373;23.91761899;20.78508139;0;82
141.2866495;24.06143117;20.92889357;0;84
141.4299958;24.20477748;21.07223988;0;79
141.5694599;24.34424162;21.21170402;0;75
141.7126215;24.48740315;21.35486555;0;82
141.8559909;24.63077259;21.49823499;0;79
141.999474;24.77425575;21.64171815;0;83
142.1386075;24.91338921;21.7808516;0;77
142.2824016;0.140912533;21.92464566;500;79
142.4251993;0.283710241;22.06744337;500;78
142.5681422;0.426653147;22.21038628;500;83
142.711689;0.570199966;22.3539331;500;81
142.8512588;0.709769726;22.49350286;500;77
142.9945993;0.853110313;22.63684344;500;80
143.1379256;0.996436596;22.78016973;500;81
143.2813458;1.139856815;22.92358994;500;85
143.4210761;1.27958703;23.06332016;500;79
143.5637417;1.422252655;23.20598578;500;81
143.7075348;1.566045761;23.34977889;500;82
143.8513277;1.709838629;23.49357176;500;81
143.9946761;1.853187084;23.63692021;500;81
144.1338644;1.992375374;23.7761085;500;84
144.2766545;2.135165453;23.91889858;500;80
144.4198763;2.278387308;24.06212044;500;79
144.5627584;2.421269417;24.20500255;500;80
144.703593;2.562103987;24.34583712;500;80
144.8467581;2.705269098;24.48900223;500;87
144.9899774;2.848488331;24.63222146;500;79
145.1331055;2.991616488;24.77534962;500;87
145.2760446;3.134555578;24.91828871;500;81
145.4161162;3.274627209;25.05836034;500;82
145.5585213;3.417032242;25.20076537;500;79
145.7014589;3.559969902;25.34370303;500;81
145.8447802;3.703291178;25.48702431;500;81
145.98523;3.84374094;25.62747407;500;84
146.1286414;3.987152338;25.77088547;500;84
146.2712576;4.12976861;25.91350174;500;77
146.4152036;4.273714542;26.05744767;500;80
146.5545995;4.413110495;26.19684362;500;81
146.6976714;4.556182384;26.33991551;500;82
146.8409882;4.69949913;26.48323226;500;85
146.983681;4.842191935;26.62592506;500;82
147.1270859;4.985596895;26.76933002;500;78
147.2665148;5.125025749;26.90875888;500;78
147.4107122;5.269223213;27.05295634;500;83
147.5539277;5.412438631;27.19617176;500;80
147.697032;5.555542946;27.33927608;500;79
147.8358567;5.694367647;27.47810078;500;81
147.9795778;5.838088751;27.62182188;500;81
148.1236157;5.982126713;27.76585984;500;79
148.2667058;6.125216722;27.90894985;500;81
148.4060578;6.264568806;28.04830194;500;82
148.5490234;6.407534361;28.19126749;500;78
148.6917024;6.550213337;28.33394647;500;83
148.8361204;6.694631338;28.47836447;500;86
148.9751489;6.833659887;28.61739302;500;81
149.11812;6.976630926;28.76036406;500;80
149.2621584;7.120669365;28.90440249;500;78
149.4050241;7.263535023;29.04726815;500;83
149.5446298;7.403140783;29.18687391;500;82
149.688144;7.54665494;29.33038807;500;80
149.831547;7.690057993;29.47379112;500;81
149.9739504;7.832461357;29.61619449;500;84
150.1139743;7.972485304;29.75621843;500;78
150.2570753;8.115586281;29.89931941;500;79
150.4001527;8.258663654;30.04239678;500;78
150.5437772;8.402288198;30.18602133;500;79
150.6875961;8.546107054;30.32984018;500;80
150.8263161;8.684827089;30.46856022;500;82
150.9701328;8.828643799;30.61237693;500;83
151.1136014;8.972112417;30.75584555;500;83
151.2567408;9.11525178;30.89898491;500;85
151.3958633;9.254374266;31.0381074;500;84
151.5396256;9.398136616;31.18186975;500;81
151.6825647;9.541075706;31.32480884;500;82
151.8261464;9.684657335;31.46839046;500;79
151.9656334;9.824144363;31.60787749;500;81
152.1086352;9.967146158;31.75087929;500;80
152.2515366;10.11004758;31.89378071;500;82
152.3950391;10.25355005;32.03728318;500;81
152.5338452;10.39235616;32.17608929;500;84
152.6785157;10.53702664;32.32075977;500;79
152.8214872;10.67999816;32.46373129;500;84
152.9646039;10.82311487;32.606848;500;84
153.1037481;10.96225905;32.74599218;500;82
153.2472994;11.1058104;32.88954353;500;86
153.3908279;11.24933887;33.03307199;500;78
153.533715;11.39222598;33.17595911;500;81
153.6775742;0.140521288;33.31981826;2500;85
153.8162682;0.279215336;33.45851231;2500;82
153.9599643;0.422911406;33.60220838;2500;92
154.1036997;0.566646814;33.74594378;2500;92
154.246804;0.709751129;33.8890481;2500;97
154.3856306;0.848577738;34.02787471;2500;94
154.5293591;0.992306232;34.1716032;2500;100
154.6733098;1.136256933;34.3155539;2500;98
154.8162148;1.27916193;34.4584589;2500;99
154.9558077;1.418754816;34.59805179;2500;99
155.0991902;1.562137365;34.74143434;2500;98
155.2420669;1.70501399;34.88431096;2500;103
155.3858855;1.848832607;35.02812958;2500;106
155.5292408;1.992187977;35.17148495;2500;106
155.6681876;2.131134748;35.31043172;2500;104
155.8117554;2.274702549;35.45399952;2500;101
155.954896;2.417843103;35.59714007;2500;104
156.0980799;2.56102705;35.74032402;2500;100
156.2417879;2.704735041;35.88403201;2500;103
156.381458;2.844405174;36.02370214;2500;94
156.5246122;2.987559319;36.16685629;2500;100
156.6679096;3.130856752;36.31015372;2500;100
156.810955;3.273902178;36.45319915;2500;105
156.9497507;3.412697792;36.59199476;2500;103
157.093962;3.556909084;36.73620605;2500;102
157.2367339;3.699681044;36.87897801;2500;89
157.3802011;3.843148232;37.0224452;2500;103
157.5199816;3.982928753;37.16222572;2500;95
157.6634192;4.126366377;37.30566335;2500;95
157.8063514;4.269298553;0.139852047;500;101
157.9502537;4.413200855;0.283754349;500;95
158.0894008;4.552347898;0.422901392;500;90
158.2314744;4.69442153;0.564975023;500;96
158.3759418;4.838888884;0.709442377;500;94
158.5193985;4.982345581;0.852899075;500;93
158.6587265;5.121673584;0.992227077;500;92
158.8020744;5.265021563;1.135575056;500;93
158.9450922;5.408039331;1.278592825;500;91
159.0885098;5.551456928;1.422010422;500;93
159.2277803;5.690727472;1.561280966;500;91
159.3712256;5.834172726;1.704726219;500;83
159.5145783;5.977525473;1.848078966;500;88
159.6571822;6.120129347;1.99068284;500;85
159.8011553;6.264102459;2.134655952;500;86
159.9399536;6.402900696;2.273454189;500;93
160.0841725;6.547119617;2.417673111;500;90
160.2272859;6.690232992;2.560786486;500;87
160.3708491;6.833796263;2.704349756;500;84
160.510289;6.973236084;2.843789577;500;86
160.6536844;7.116631508;2.987185001;500;91
160.7965703;7.259517431;3.130070925;500;89
160.9398949;7.402842045;3.273395538;500;91
161.0794954;7.54244256;3.412996054;500;91
161.2225547;7.685501814;3.556055307;500;86
161.3660231;7.828970194;3.699523687;500;88
161.5097356;7.972682714;3.843236208;500;88
161.6489277;8.111874819;3.982428312;500;86
161.7922854;8.255232573;4.125786066;500;90
161.935112;8.39805913;4.268612623;500;89
162.0784719;8.541419029;4.411972523;500;89
162.2179189;8.680866003;4.551419497;500;87
162.3613112;8.824258327;4.694811821;500;83
162.5043778;8.967324972;4.837878466;500;86
162.647471;9.110418081;4.980971575;500;86
162.7903602;9.253307343;5.123860836;500;89
162.930604;9.393551111;5.264104605;500;90
163.0745642;9.537511349;5.408064842;500;97
163.2166748;9.679621935;5.550175428;500;94
163.3611825;9.824129581;5.694683075;500;89
163.5001028;9.963049889;5.833603382;500;84
163.6434412;10.10638833;5.976941824;500;86
163.7863336;10.24928069;6.119834185;500;88
163.9304221;10.3933692;6.263922691;500;90
164.0697131;10.53266025;6.403213739;500;84
164.2126079;10.67555499;6.546108484;500;87
164.3567183;10.81966543;6.690218925;500;84
164.4991155;10.9620626;6.832616091;500;86
164.6388657;11.10181284;6.972366333;500;86
164.7824216;11.24536872;7.115922213;500;86
164.9249649;11.38791203;7.258465528;500;93
165.0687771;11.53172421;7.402277708;500;92
165.2080221;11.67096925;7.541522741;500;90
165.3513055;11.81425261;7.684806108;500;89
165.4943805;11.9573276;7.827881098;500;88
165.6372626;12.10020971;7.970763206;500;92
165.7768106;12.23975778;8.11031127;500;89
165.920465;12.38341212;8.253965616;500;86
166.0639889;12.52693605;8.397489548;500;91
166.2066607;12.66960788;8.540161371;500;88
