Valve0_duration,Valve1_duration,Valve2_duration,X,Y,Z
2000,2000,2000,1.13,-0.38,0.9399999999999977
768,1492,1083,5.6899999999999995,0.19,1.0600000000000023
762,1780,1457,6.130000000000001,1.44,1.1200000000000045
1491,1624,804,1.8099999999999996,-4.75,1.3700000000000045
959,1135,1706,2.13,2.63,1.6899999999999977
36,1028,978,8.5,4.3100000000000005,1.4399999999999977
384,1942,1782,10.25,4.56,1.4399999999999977
1504,345,1097,-5.9399999999999995,2.38,1.0600000000000023
1135,1417,1714,0.75,1.94,1.4399999999999977
3,814,1230,6.5600000000000005,6.31,1.1899999999999977
684,329,1084,-1.56,4.88,2.0
268,798,222,3.63,-2.63,2.0
319,1715,1064,9.69,1.5,2.0600000000000023
754,338,1158,-2.19,5.06,1.8700000000000045
1013,1482,236,1.6900000000000004,-7.880000000000001,2.25
1135,832,289,-1.5,-7.0,2.75
1597,922,1480,-3.37,0.75,3.0600000000000023
1263,805,1772,-2.75,3.38,3.3100000000000023
1733,1256,1101,-2.5,-1.44,3.75
130,1010,1821,6.380000000000001,7.25,4.060000000000002
1432,548,631,-5.0,-2.13,4.060000000000002
895,369,1473,-4.44,5.06,4.0
566,326,50,-2.44,-3.75,3.8700000000000045
1260,1373,1790,-0.94,1.31,4.310000000000002
1580,366,804,-7.0600000000000005,-0.31000000000000005,4.189999999999998
1765,1876,1870,0.05999999999999961,-0.56,4.939999999999998
1749,1527,844,-1.37,-4.0,5.5
1132,1154,648,-0.56,-4.75,5.939999999999998
1631,1504,592,-1.44,-6.63,7.0
1017,1503,1170,1.1900000000000004,-0.75,7.3700000000000045
18,1720,588,9.44,-1.81,7.310000000000002
1908,1914,1258,0.1900000000000004,-3.25,7.6200000000000045
955,1692,90,3.1900000000000004,-10.94,7.939999999999998
352,1286,1128,6.4399999999999995,2.56,8.25
805,1282,1233,2.75,1.5,8.25
1719,1909,1796,0.6900000000000004,-0.43999999999999995,8.810000000000002
70,1530,1461,9.69,4.88,8.689999999999998
785,947,959,1.25,0.75,9.25
1393,108,1785,-7.4399999999999995,5.75,8.870000000000005
1128,120,1441,-7.0600000000000005,5.5,8.25
1451,1275,871,-1.69,-2.81,8.5
1988,1245,1237,-3.25,-1.81,9.060000000000002
891,151,1375,-5.8100000000000005,5.63,8.75
911,1084,1409,0.1900000000000004,2.25,8.870000000000005
1944,1927,458,-0.31000000000000005,-9.13,9.560000000000002
691,1370,882,3.1900000000000004,-1.06,10.060000000000002
329,12,150,-1.69,-1.13,10.75
241,595,437,2.4400000000000004,-0.43999999999999995,10.75
1458,1280,330,-1.19,-8.56,11.120000000000005
776,1700,1718,4.130000000000001,1.19,11.689999999999998
511,757,1196,2.25,3.56,11.620000000000005
1102,89,1392,-6.6899999999999995,5.63,11.939999999999998
1735,1513,459,-1.44,-7.9399999999999995,12.370000000000005
627,1489,1056,4.5600000000000005,0.0,12.689999999999998
1975,473,1461,-6.13,1.69,12.5
128,317,1906,2.13,9.94,13.370000000000005
770,1072,1526,2.13,3.25,13.060000000000002
533,217,1705,-1.94,8.69,13.189999999999998
1538,1519,57,-0.5,-11.0,13.560000000000002
728,1331,1679,3.25,2.69,14.060000000000002
358,926,1469,4.8100000000000005,5.5,14.0
1360,476,534,-5.13,-3.06,14.0
1398,1774,502,0.9400000000000004,-8.75,14.75
201,1825,402,9.5,-5.19,14.870000000000005
501,1041,509,4.0,-3.06,15.439999999999998
1426,1576,554,0.25,-7.5,16.0
323,494,1089,1.88,4.5,16.189999999999998
863,297,1354,-3.94,5.31,16.0
349,1674,1814,8.25,4.38,16.060000000000002
524,467,231,0.5,-3.19,16.060000000000002
10,270,1504,2.3099999999999996,8.94,16.25
334,1816,974,9.44,0.75,15.870000000000005
1788,295,1391,-7.4399999999999995,2.81,15.370000000000005
578,1362,1117,4.8100000000000005,1.31,16.25
1804,827,1741,-3.81,1.56,16.560000000000002
1398,1074,430,-1.94,-7.19,17.060000000000002
657,146,56,-4.13,-4.5,17.120000000000005
1946,732,1152,-5.5600000000000005,-0.94,17.310000000000002
868,1239,764,1.0,-3.25,17.689999999999998
1392,1133,1445,-1.31,0.13,18.060000000000002
857,738,1361,-0.75,3.06,18.25
241,1334,317,5.6899999999999995,-3.75,18.370000000000005
676,593,1183,0.1299999999999999,3.25,19.120000000000005
1220,1768,96,2.38,-11.06,19.620000000000005
364,481,1500,1.8099999999999996,6.56,19.939999999999998
1444,1377,794,-0.43999999999999995,-3.5599999999999996,20.189999999999998
1134,1089,365,-0.43999999999999995,-7.31,20.689999999999998
1787,324,142,-7.8100000000000005,-7.75,20.75
484,363,1166,-1.19,5.25,20.810000000000002
304,1742,160,7.8100000000000005,-6.88,20.75
1657,210,860,-7.9399999999999995,0.25,20.370000000000005
413,899,1635,3.9399999999999995,5.81,21.120000000000005
74,1032,683,6.3100000000000005,0.62,21.060000000000002
1860,1022,1535,-2.94,0.31,21.310000000000002
1607,237,1826,-8.19,4.88,20.810000000000002
1872,1475,8,-2.37,-11.44,21.25
1260,425,1405,-5.5600000000000005,2.75,21.25
374,314,774,-0.75,3.63,21.25
100,877,1533,5.630000000000001,6.88,21.0
466,995,1562,4.0600000000000005,5.38,20.870000000000005
1877,117,1018,-9.0,1.56,20.939999999999998
1088,1446,409,0.4400000000000004,-7.31,21.439999999999998
1311,1308,1201,-0.56,-1.25,21.939999999999998
952,890,670,-0.1900000000000004,-2.69,22.25
569,868,536,2.5599999999999996,-2.81,22.5
1190,166,604,-6.9399999999999995,-1.13,22.25
733,1604,1737,4.130000000000001,1.38,22.620000000000005
1015,1464,1271,2.0,0.0,22.810000000000002
765,1541,202,3.8100000000000005,-7.9399999999999995,23.25
1633,1521,194,-0.69,-10.38,24.620000000000005
869,482,943,-2.62,0.94,24.870000000000005
1629,1689,1954,0.25,0.06,25.5
1408,1999,1096,2.0599999999999996,-3.44,26.120000000000005
1382,795,174,-2.44,-9.06,26.370000000000005
552,843,110,1.9400000000000004,-6.94,26.5
1604,395,949,-6.6899999999999995,-0.25,26.370000000000005
405,999,1871,3.63,5.69,26.439999999999998
519,1049,228,3.63,-5.44,26.560000000000002
1134,536,1068,-3.37,1.06,27.25
1318,522,1082,-5.37,1.31,27.25
1756,1674,1762,-1.5,-0.43999999999999995,27.689999999999998
1884,1773,1082,-0.43999999999999995,-3.63,28.370000000000005
1981,96,1311,-9.379999999999999,2.25,27.75
1201,1379,1089,-0.6200000000000001,-1.44,28.060000000000002
856,809,1054,-0.31000000000000005,0.87,28.189999999999998
208,1289,1986,6.75,6.44,28.189999999999998
1249,123,513,-7.4399999999999995,-1.81,27.810000000000002
1373,1384,1722,-0.94,0.62,28.560000000000002
601,1656,1385,5.380000000000001,1.06,28.810000000000002
875,894,876,-0.1200000000000001,-0.81,28.810000000000002
654,1135,1517,2.75,2.88,28.870000000000005
52,842,1483,5.75,6.38,28.75
271,435,65,1.8099999999999996,-3.06,28.689999999999998
1798,1742,1272,0.1299999999999999,-3.0,29.120000000000005
371,1211,1563,5.4399999999999995,3.56,29.25
317,778,175,3.63,-4.0,29.189999999999998
1626,318,411,-7.0,-4.81,29.75
1027,361,1108,-5.1899999999999995,2.38,29.620000000000005
136,1640,710,8.56,-1.19,29.689999999999998
1063,354,630,-4.31,-1.56,29.439999999999998
1792,31,1408,-10.440000000000001,3.63,28.620000000000005
428,194,107,-2.81,-2.63,28.620000000000005
1982,1566,591,-2.44,-7.75,29.060000000000002
1564,535,1214,-6.13,0.5,29.0
677,277,1192,-3.94,4.81,28.810000000000002
78,508,1107,3.13,5.81,29.189999999999998
314,851,497,4.1899999999999995,-1.44,29.189999999999998
576,1511,672,5.6899999999999995,-3.13,29.370000000000005
1804,1127,1723,-2.69,-0.5,29.620000000000005
1083,857,1394,-2.0,1.44,29.620000000000005
873,465,1301,-3.31,3.75,29.560000000000002
153,571,252,2.4400000000000004,-2.0,29.560000000000002
1701,706,1558,-4.8100000000000005,1.19,29.5
1717,965,1649,-3.94,0.81,29.689999999999998
182,71,928,-0.56,6.13,30.5
1829,1904,1829,-0.1200000000000001,-0.75,30.870000000000005
144,940,1136,5.8100000000000005,3.88,30.870000000000005
1351,372,1604,-6.1899999999999995,3.94,30.620000000000005
820,992,907,0.1900000000000004,-0.38,30.560000000000002
376,1968,272,7.75,-6.94,30.689999999999998
1828,777,906,-4.25,-2.81,30.870000000000005
1873,811,1758,-5.3100000000000005,0.69,30.939999999999998
96,684,1500,3.38,6.06,30.810000000000002
501,621,1450,1.25,4.94,31.370000000000005
1533,1646,1801,-0.31000000000000005,0.31,31.689999999999998
147,555,864,3.0,3.63,31.75
1715,1999,1206,0.6299999999999999,-3.19,32.25
892,395,264,-3.44,-5.0,32.31
1711,1476,5,-2.12,-12.5,32.81
520,1806,746,6.380000000000001,-3.63,33.19
286,303,47,0.5599999999999996,-3.75,32.94
525,419,1713,-0.31000000000000005,6.25,32.94
280,1182,210,4.9399999999999995,-5.44,33.44
717,633,1390,-0.43999999999999995,3.69,33.370000000000005
1317,975,853,-2.0,-2.38,33.56
1557,1819,472,0.0,-9.56,34.120000000000005
1484,178,1244,-7.6899999999999995,1.75,33.81
1540,1340,431,-1.94,-7.8100000000000005,34.25
914,1691,1307,2.13,-0.81,34.5
1989,1954,994,-0.1200000000000001,-5.31,35.0
1758,92,1925,-9.059999999999999,4.1899999999999995,34.31
1074,684,117,-2.81,-7.8100000000000005,35.120000000000005
1442,1400,1211,-1.44,-2.19,35.44
468,470,1442,-0.25,5.5,35.44
223,1607,1811,8.31,4.5,35.31
70,1493,1239,8.44,3.44,35.06
1471,301,1390,-6.8100000000000005,3.31,34.44
1294,702,1052,-3.94,0.0,34.5
1309,599,1319,-4.75,1.56,34.5
1210,395,1259,-6.13,2.63,34.370000000000005
1268,120,504,-7.38,-2.56,34.75
655,1863,176,4.8100000000000005,-9.19,35.19
683,1327,1092,3.1900000000000004,-0.25,35.25
420,1408,492,5.6899999999999995,-3.75,35.25
1897,174,1219,-8.809999999999999,1.5,34.5
1188,1009,882,-1.87,-2.19,34.75
848,775,1349,-1.12,2.19,34.69
689,1054,1508,1.9400000000000004,3.0,34.69
1328,264,1528,-7.13,4.13,34.31
254,367,1792,0.9400000000000004,8.379999999999999,34.81
341,585,1169,1.88,5.06,34.56
1677,120,233,-9.629999999999999,-5.19,34.25
383,1248,1714,4.630000000000001,4.1899999999999995,34.25
514,1272,65,4.0600000000000005,-7.75,34.370000000000005
685,908,1433,1.0599999999999996,2.06,34.5
245,1912,1525,8.75,2.88,34.25
159,1459,162,6.130000000000001,-5.75,34.06
278,873,924,4.8100000000000005,2.06,33.94
1763,1387,899,-1.69,-4.25,35.0
511,179,653,-2.81,1.0,35.06
664,1079,1129,1.88,1.13,34.94
372,833,1516,3.63,5.13,34.870000000000005
489,1787,202,6.0,-7.5,34.870000000000005
116,1371,1434,8.38,3.94,35.0
1064,225,500,-5.25,-2.19,34.69
220,1864,750,8.69,-1.56,34.75
1325,1373,577,0.4400000000000004,-6.69,34.870000000000005
1423,423,214,-5.6899999999999995,-7.25,35.620000000000005
819,347,1043,-3.75,2.19,35.69
941,1315,122,1.13,-8.94,35.870000000000005
150,662,314,3.63,-3.06,36.0
220,1408,1060,7.75,1.19,35.870000000000005
1356,1438,327,0.4400000000000004,-9.31,36.120000000000005
817,811,1669,0.5,3.0,36.370000000000005
880,589,1695,-1.75,4.5,36.19
1297,1071,177,-1.69,-9.06,36.5
882,1548,331,3.25,-8.38,37.5
836,835,652,0.1900000000000004,-3.13,37.81
604,860,167,1.75,-6.75,37.94
352,1495,1537,7.25,2.75,38.06
847,887,1831,0.5,3.5,38.06
987,323,1375,-4.8100000000000005,4.13,37.94
444,248,1367,-1.81,6.75,37.81
1563,1392,227,-0.69,-10.0,38.120000000000005
1081,1226,762,0.6299999999999999,-4.13,38.31
867,55,37,-5.3100000000000005,-4.94,38.620000000000005
891,1800,96,2.9400000000000004,-10.94,39.120000000000005
1844,657,1274,-5.13,-0.5,39.31
1373,722,1593,-4.25,1.81,39.370000000000005
1854,1586,1777,-1.12,-1.13,39.870000000000005
1624,1856,3,0.0,-12.94,40.370000000000005
720,1886,1334,4.6899999999999995,-0.75,40.81
838,1466,318,3.0599999999999996,-8.44,41.0
362,1596,231,6.0,-7.5600000000000005,41.25
771,1566,1818,3.8100000000000005,1.38,42.06
1683,1875,1569,0.3799999999999999,-2.0,42.56
869,1742,1446,3.6900000000000004,-0.18999999999999995,42.75
498,1224,164,4.5,-7.19,42.81
1488,296,679,-6.5600000000000005,-2.44,42.620000000000005
299,904,1016,3.5599999999999996,2.13,42.620000000000005
1016,1248,1673,1.5,1.38,42.870000000000005
737,763,752,0.5,-0.75,42.94
1774,1563,208,-0.56,-11.25,43.370000000000005
1432,1060,70,-1.62,-10.88,44.5
861,1342,949,2.25,-2.69,44.81
573,1643,336,5.5,-7.5,44.94
1551,312,512,-7.0,-4.19,44.75
180,1992,1601,8.81,3.06,44.75
190,1072,1838,7.0,5.81,44.56
502,260,1680,-1.25,7.69,44.44
724,1974,1420,4.4399999999999995,0.25,44.31
1011,1357,799,2.1900000000000004,-3.5599999999999996,44.620000000000005
1630,791,131,-3.69,-9.31,45.370000000000005
101,925,1591,5.630000000000001,5.31,45.44
1548,1849,753,0.9400000000000004,-6.13,45.75
1937,60,1034,-9.5,0.69,45.120000000000005
969,1444,1018,1.6900000000000004,-2.13,45.44
574,333,1234,-1.56,5.06,45.44
539,750,311,1.25,-3.75,45.370000000000005
388,82,1709,-1.81,8.69,45.44
992,814,403,-1.62,-5.19,45.370000000000005
2000,2000,2000,-0.69,-0.26,1.6299999999999955
854,1756,135,3.88,-10.010000000000002,2.0
1720,773,877,-3.94,-2.63,2.3100000000000023
1570,642,907,-5.4399999999999995,-1.69,2.25
1851,970,469,-4.5600000000000005,-7.07,2.5600000000000023
689,355,1067,-2.69,4.68,2.5600000000000023
1624,1504,1260,-0.69,-0.38,3.1299999999999955
355,1838,404,8.56,-4.26,3.1299999999999955
530,1169,1412,5.880000000000001,3.87,3.0600000000000023
903,1430,256,3.63,-6.9399999999999995,3.25
1752,537,1369,-4.8100000000000005,2.37,4.060000000000002
1290,173,71,-7.13,-4.57,4.0
381,1215,380,5.8100000000000005,-3.44,4.0
1013,270,515,-4.5600000000000005,-0.5700000000000001,3.9399999999999977
42,1174,989,7.9399999999999995,4.25,3.6899999999999977
650,151,802,-2.63,5.3100000000000005,3.75
1581,1334,105,-0.75,-9.63,4.0
1061,1326,511,1.75,-5.4399999999999995,4.439999999999998
1915,185,945,-9.059999999999999,1.06,3.9399999999999977
1239,1542,1001,2.1900000000000004,-1.5699999999999998,5.1299999999999955
1950,121,550,-8.5,-2.19,4.75
914,1884,1616,4.3100000000000005,0.9999999999999999,5.189999999999998
1834,1201,476,-0.3700000000000001,-7.1899999999999995,5.25
227,994,589,7.4399999999999995,-0.94,5.310000000000002
1615,1519,1686,2.25,-0.32,5.689999999999998
1248,1831,141,4.3100000000000005,-10.88,5.939999999999998
1145,232,462,-4.3100000000000005,-2.63,6.1299999999999955
1310,174,1312,-6.3100000000000005,4.3100000000000005,5.689999999999998
95,1461,854,11.19,1.25,6.0
243,1891,890,11.44,0.62,5.8799999999999955
998,1457,1181,4.630000000000001,-0.51,6.0
509,1581,1263,8.69,1.4300000000000002,6.060000000000002
887,879,324,2.8099999999999996,-5.63,6.060000000000002
1324,1633,448,3.5599999999999996,-8.57,6.439999999999998
232,445,1037,5.0,4.8100000000000005,6.5
945,380,871,-1.5,1.87,6.439999999999998
478,1431,194,7.6899999999999995,-6.51,6.439999999999998
1902,174,967,-5.8100000000000005,0.43000000000000005,6.8799999999999955
1469,647,740,-2.87,-2.38,6.939999999999998
390,743,1581,4.3100000000000005,5.8100000000000005,6.939999999999998
376,1686,989,9.75,1.12,6.689999999999998
661,1209,501,6.25,-4.38,6.75
570,1811,1090,8.94,0.18000000000000005,6.810000000000002
894,1823,1161,6.630000000000001,-0.8200000000000001,6.939999999999998
87,480,784,7.9399999999999995,3.4299999999999997,6.8799999999999955
10,668,456,8.88,-0.26,6.689999999999998
759,301,1552,0.25,5.8100000000000005,7.439999999999998
1535,1581,636,2.25,-6.13,7.689999999999998
1764,338,1933,-3.87,3.5,7.689999999999998
718,708,1894,3.0,5.25,7.439999999999998
1635,725,1593,-1.62,2.0,7.560000000000002
866,211,170,-2.69,-3.82,7.439999999999998
1404,523,171,-3.5,-7.57,7.5
1114,1880,134,4.5600000000000005,-10.82,7.75
1483,1813,1052,3.4400000000000004,-3.13,8.310000000000002
1019,63,1904,-3.44,7.3100000000000005,8.560000000000002
952,1215,173,3.6900000000000004,-8.51,8.439999999999998
1173,127,1949,-3.81,6.0,8.439999999999998
1860,308,1429,-5.63,3.12,7.75
1413,1236,269,0.5599999999999996,-9.38,7.810000000000002
318,164,1011,1.38,5.37,8.25
708,1245,327,4.880000000000001,-5.63,8.060000000000002
1585,1742,1375,2.88,-2.13,8.75
1682,211,1173,-5.0,1.6800000000000002,8.310000000000002
950,1751,41,5.5600000000000005,-10.57,8.75
1251,409,1259,-1.44,1.4300000000000002,9.129999999999995
682,205,1273,-0.81,5.43,9.189999999999998
1807,1859,518,2.1900000000000004,-8.57,9.379999999999995
1988,1182,1628,0.4400000000000004,-1.26,9.879999999999995
1242,615,1137,-1.06,0.30999999999999994,10.129999999999995
1679,851,1610,-1.37,0.8099999999999999,10.379999999999995
480,1833,373,9.0,-6.6899999999999995,10.379999999999995
1970,1765,1975,2.13,-0.88,10.810000000000002
1366,1166,1667,1.8099999999999996,0.5599999999999999,12.060000000000002
517,1947,555,9.25,-4.76,12.0
252,1207,1389,9.31,3.25,11.939999999999998
1800,958,136,-0.06000000000000005,-10.260000000000002,11.810000000000002
338,502,532,4.5,-1.0,12.060000000000002
1677,1944,236,3.4400000000000004,-11.82,12.189999999999998
1902,16,1666,-6.63,3.75,11.879999999999995
1130,228,1538,-4.8100000000000005,5.18,11.5
1760,1363,1820,0.0,0.4900000000000001,12.0
604,1689,1567,8.0,1.9300000000000002,13.0
1680,840,470,-0.6200000000000001,-6.6899999999999995,13.060000000000002
1239,425,787,-2.94,-1.13,13.060000000000002
100,446,869,4.13,4.43,13.0
549,720,165,3.5599999999999996,-4.9399999999999995,13.0
179,1331,1821,9.44,5.37,13.379999999999995
5,957,1336,8.94,5.68,13.379999999999995
943,1138,85,3.5599999999999996,-7.82,13.379999999999995
1347,38,1339,-5.4399999999999995,4.12,13.189999999999998
422,1053,1314,6.6899999999999995,3.9299999999999997,13.75
1697,459,488,-3.87,-4.32,13.689999999999998
1292,1799,1716,3.1900000000000004,-0.51,14.189999999999998
1148,168,237,-3.94,-4.57,13.939999999999998
1055,1923,137,4.5,-11.38,14.129999999999995
455,1360,404,7.75,-5.1899999999999995,14.5
1745,692,1704,-2.06,1.6800000000000002,14.629999999999995
328,702,1990,4.880000000000001,8.0,14.879999999999995
1251,607,276,-2.12,-6.01,14.879999999999995
109,227,1180,3.25,7.87,15.689999999999998
1046,1967,890,5.130000000000001,-2.69,15.689999999999998
399,1586,922,9.0,-0.13,15.75
1804,541,159,-3.75,-8.26,15.5
533,372,1252,0.6900000000000004,5.25,15.879999999999995
1284,414,772,-3.69,-0.19,15.689999999999998
472,703,1690,3.0599999999999996,6.3100000000000005,15.939999999999998
517,819,1383,4.06,5.12,16.060000000000002
1149,1987,217,4.19,-9.63,16.129999999999995
320,538,248,3.63,-2.38,17.060000000000002
201,619,1728,5.380000000000001,8.309999999999999,17.379999999999995
86,721,1876,6.6899999999999995,9.25,17.439999999999998
183,741,1870,6.5600000000000005,9.12,17.689999999999998
1159,754,1852,-0.75,4.62,18.0
1831,1834,543,0.9400000000000004,-7.1899999999999995,18.189999999999998
637,674,70,1.4400000000000004,-5.51,18.310000000000002
578,7,257,-2.0,-1.51,18.379999999999995
699,1270,248,4.380000000000001,-6.76,18.560000000000002
1434,1974,1256,2.75,-1.63,19.810000000000002
741,1413,335,5.0600000000000005,-6.76,20.0
1482,154,7,-6.5600000000000005,-6.6899999999999995,19.879999999999995
1365,1964,315,2.13,-10.010000000000002,20.25
1636,766,1793,-2.75,2.37,20.629999999999995
517,94,158,-2.5,-1.44,20.629999999999995
1283,389,1252,-5.1899999999999995,3.18,20.5
220,1516,1173,8.56,3.87,20.439999999999998
107,1522,64,8.31,-5.4399999999999995,19.939999999999998
43,1764,1764,11.0,6.3100000000000005,20.879999999999995
328,1109,1506,7.25,4.93,21.0
334,265,988,1.5,6.0,21.189999999999998
1295,524,995,-3.31,1.1800000000000002,21.129999999999995
1932,1623,1907,-0.43999999999999995,0.05999999999999994,21.629999999999995
1221,1745,283,2.1900000000000004,-9.07,21.75
654,161,1367,-2.56,6.43,20.439999999999998
1551,1413,243,-0.06000000000000005,-9.760000000000002,20.75
1492,592,752,-3.87,-2.32,20.939999999999998
1951,1335,1463,-0.5,-1.13,22.0
903,730,989,-0.56,0.8099999999999999,22.310000000000002
1685,1876,425,0.75,-9.010000000000002,22.689999999999998
125,49,1981,0.25,10.93,23.310000000000002
1419,291,1742,-6.25,5.3100000000000005,22.75
283,1536,255,7.630000000000001,-5.26,22.5
1426,517,639,-4.06,-2.94,22.439999999999998
1756,1536,1207,-0.25,-2.69,23.0
1835,744,661,-4.06,-4.44,23.060000000000002
941,304,701,-3.75,0.30999999999999994,23.689999999999998
814,512,1273,-1.87,4.0,23.879999999999995
577,24,1707,-3.5,9.25,23.810000000000002
1255,1165,182,-0.06000000000000005,-8.88,24.0
1368,148,1709,-7.0600000000000005,5.18,23.629999999999995
1637,839,1114,-3.0,-0.5700000000000001,23.810000000000002
1678,1440,351,-0.6200000000000001,-9.57,24.129999999999995
1272,1949,468,2.0,-8.32,24.689999999999998
723,1112,1575,3.3099999999999996,2.75,25.5
1330,1803,582,1.5,-6.76,26.629999999999995
461,335,751,-0.5,1.87,26.879999999999995
1686,1046,588,-2.12,-5.51,27.129999999999995
1380,1157,538,-0.69,-6.6899999999999995,27.5
495,508,1431,0.6900000000000004,5.0600000000000005,27.879999999999995
1919,646,1908,-4.9399999999999995,2.75,27.75
2,11,1986,-0.69,11.62,28.0
762,457,396,-2.0,-2.07,27.879999999999995
1123,1100,222,-0.06000000000000005,-8.760000000000002,28.25
1852,1064,1124,-2.0,-1.8199999999999998,29.379999999999995
558,192,1944,-3.0,8.68,29.439999999999998
1485,26,198,-9.129999999999999,-4.32,29.129999999999995
1571,1590,938,-0.43999999999999995,-3.63,29.75
1954,1212,886,-1.94,-4.07,30.060000000000002
1826,1705,235,-1.12,-11.440000000000001,30.379999999999995
268,1240,231,5.630000000000001,-6.01,30.5
1155,433,868,-4.06,0.05999999999999994,30.5
1390,836,1175,-2.81,0.05999999999999994,30.689999999999998
1152,1686,948,1.5599999999999996,-2.69,32.0
1338,1140,1955,-0.69,1.6800000000000002,32.56
778,688,1782,-0.3700000000000001,5.12,32.879999999999995
553,735,1450,1.63,5.12,33.25
1356,1347,1983,-0.25,1.81,33.75
407,1798,645,6.75,-1.8199999999999998,33.75
147,1982,824,8.94,0.68,33.81
1497,1184,1092,-1.0,-1.63,34.0
1382,1897,1296,0.6299999999999999,-1.19,34.629999999999995
1314,998,1529,-1.75,1.62,35.379999999999995
145,105,605,-0.94,3.4299999999999997,35.44
206,505,1792,1.63,9.309999999999999,35.879999999999995
584,1676,426,3.9400000000000004,-4.01,36.0
474,715,1124,1.13,4.37,36.31
562,1071,1706,1.38,6.3100000000000005,36.75
735,1754,116,0.8799999999999999,-6.26,36.81
119,633,983,1.5,6.37,37.25
650,1726,1948,1.13,6.62,37.81
2993,3661,3212,0.81,-0.8099999999999999,0.5600000000000023
2240,2820,3884,3.69,-3.06,1.0
2723,1443,1571,1.06,6.63,1.0
912,1169,2429,5.9399999999999995,-2.56,0.5
1806,2290,3431,4.6899999999999995,-2.62,0.75
2986,3206,1853,-4.1899999999999995,3.51,1.1899999999999977
2203,2626,2385,0.1200000000000001,0.32,1.5
1076,3257,2889,-0.25,-6.62,2.3100000000000023
2527,796,2196,7.5,5.9399999999999995,2.1899999999999977
2000,2000,2000,2.56,0.13,0.18999999999999773
2993,3661,3212,0.81,-0.8099999999999999,0.5600000000000023
2240,2820,3884,3.69,-3.06,1.0
2723,1443,1571,1.06,6.63,1.0
912,1169,2429,5.9399999999999995,-2.56,0.5
1806,2290,3431,4.6899999999999995,-2.62,0.75
2986,3206,1853,-4.1899999999999995,3.51,1.1899999999999977
2203,2626,2385,0.1200000000000001,0.32,1.5
1076,3257,2889,-0.25,-6.62,2.3100000000000023
2527,796,2196,7.5,5.9399999999999995,2.1899999999999977
2000,2000,2000,2.56,0.13,0.18999999999999773
2993,3661,3212,0.81,-0.8099999999999999,0.5600000000000023
2240,2820,3884,3.69,-3.06,1.0
2723,1443,1571,1.06,6.63,1.0
912,1169,2429,5.9399999999999995,-2.56,0.5
1806,2290,3431,4.6899999999999995,-2.62,0.75
2986,3206,1853,-4.1899999999999995,3.51,1.1899999999999977
2203,2626,2385,0.1200000000000001,0.32,1.5
1076,3257,2889,-0.25,-6.62,2.3100000000000023
2527,796,2196,7.5,5.9399999999999995,2.1899999999999977
2000,2000,2000,2.56,0.13,0.18999999999999773
2993,3661,3212,0.81,-0.8099999999999999,0.5600000000000023
2240,2820,3884,3.69,-3.06,1.0
2723,1443,1571,1.06,6.63,1.0
912,1169,2429,5.9399999999999995,-2.56,0.5
1806,2290,3431,4.6899999999999995,-2.62,0.75
2986,3206,1853,-4.1899999999999995,3.51,1.1899999999999977
2203,2626,2385,0.1200000000000001,0.32,1.5
1076,3257,2889,-0.25,-6.62,2.3100000000000023
2527,796,2196,7.5,5.9399999999999995,2.1899999999999977
2000,2000,2000,2.56,0.13,0.18999999999999773
2993,3661,3212,0.81,-0.8099999999999999,0.5600000000000023
2240,2820,3884,3.69,-3.06,1.0
2723,1443,1571,1.06,6.63,1.0
912,1169,2429,5.9399999999999995,-2.56,0.5
1806,2290,3431,4.6899999999999995,-2.62,0.75
2986,3206,1853,-4.1899999999999995,3.51,1.1899999999999977
2203,2626,2385,0.1200000000000001,0.32,1.5
1076,3257,2889,-0.25,-6.62,2.3100000000000023
2527,796,2196,7.5,5.9399999999999995,2.1899999999999977
